,Property ID,Latitude,Longitude
1962000,ab-8762592,43.16052,-111.03175
1962001,ab-8775716,43.53,-110.844
1962002,ab-8782650,41.17218,-104.77841
1962003,ab-880586,43.46941,-110.76684
1962004,ab-8887235,43.47757897043135,-110.7482457363412
1962005,ab-893998,43.1561,-111.00888
1962006,ab-8994076,43.64914958689946,-108.21596127250488
1962007,ab-9024645,42.844300387317226,-106.31832569742876
1962008,ab-9114092,42.81160928941885,-108.73903320191256
1962009,ab-9148747,43.48305360625664,-110.82792342294609
1962010,ab-9169572,43.58819232228584,-110.8295937051728
1962011,ab-9184791,43.59229389845346,-110.82381757182593
1962012,ab-9196486,43.53433,-110.84582
1962013,ab-9207243,42.87221027372276,-110.91029235340278
1962014,ab-9221017,43.76450098112713,-110.98265024649672
1962015,ab-9221519,43.7678235276944,-110.97309708061164
1962016,ab-9221667,43.772287401499824,-110.97664835011852
1962017,ab-9228164,43.59282022202832,-110.826221785584
1962018,ab-9228773,43.59165056529636,-110.82811571329572
1962019,ab-9230069,43.588035216606464,-110.83275606961556
1962020,ab-9230609,43.568484460495576,-110.74524318534608
1962021,ab-9231189,43.50435896749092,-110.86720496325646
1962022,ab-9233820,43.59444266356724,-110.82436818728983
1962023,ab-9234698,43.58653840685179,-110.82854393910198
1962024,ab-9240536,43.3448432300546,-110.72329491168875
1962025,ab-9248693,43.44325792532361,-110.81643682934607
1962026,ab-9249648,43.59303006492136,-110.82606487362408
1962027,ab-9250467,43.59117801093571,-110.82553668885843
1962028,ab-9251018,43.49454213593804,-110.81953241208832
1962029,ab-9251546,43.51209058706499,-110.6928073366768
1962030,ab-9252214,43.49185609294158,-110.85794793196078
1962031,ab-9252742,43.49940070878543,-110.77366045343966
1962032,ab-9253126,43.437382296501006,-110.86338623354528
1962033,ab-9253543,43.10199281778869,-111.02822664131888
1962034,ab-9255230,43.57935389875102,-110.82647560841173
1962035,ab-9256075,43.57848176105863,-110.82644504713817
1962036,ab-9256733,43.75425,-111.03431
1962037,ab-9256900,43.47007371153094,-110.80314691176515
1962038,ab-9266040,44.52703135832408,-109.06010505782864
1962039,ab-9270185,43.46211495778085,-110.82541765472752
1962040,ab-9271829,43.57838791040199,-110.82662762124995
1962041,ab-9272374,43.578139904821214,-110.8267184240938
1962042,ab-9272645,43.57947172902946,-110.82833823036223
1962043,ab-9272887,43.57814383686957,-110.82658623292838
1962044,ab-9294711,44.52491,-109.06539
1962045,ab-9312799,43.52782916674981,-110.82669958639156
1962046,ab-9324026,43.47874,-110.75486
1962047,ab-9330125,44.23993651066174,-105.51295611870762
1962048,ab-9350169,43.58753,-110.82864
1962049,ab-9351508,41.31735304518913,-105.58485279383343
1962050,ab-942595,41.14462,-104.75499
1962051,ab-9470267,43.42891499541675,-110.7855143843498
1962052,ab-9486958,43.47926,-110.76899
1962053,ab-9493565,43.47185166133674,-110.76745468643864
1962054,ab-9542417,43.47946,-110.76754
1962055,ab-9577973,42.84579180694424,-108.59725929602344
1962056,ab-9585381,43.475,-110.756
1962057,ab-9591649,43.528494294010365,-110.84305236799064
1962058,ab-9604090,44.52298180280031,-109.0665635813998
1962059,ab-9604212,44.5222213844999,-109.06869897525212
1962060,ab-9604513,44.5225306151446,-109.06807037453244
1962061,ab-9604644,44.527,-109.06
1962062,ab-9611771,43.474,-110.753
1962063,ab-9733347,43.57980131810736,-110.82772606984427
1962064,ab-9733609,43.57932027866968,-110.82609901807058
1962065,ab-9733969,43.51046103871165,-110.76977496570088
1962066,ab-9746988,43.5309234225875,-110.83188901211876
1962067,ab-9770461,43.47934990259199,-110.76671369421744
1962068,ab-9842562,44.67853,-109.19039
1962069,ab-9865270,43.47631,-110.75694
1962070,ab-9883995,43.48034000000001,-110.88628
1962071,ab-991614,41.31402474661364,-106.13682133084022
1962072,ab-9942606,43.47349000000001,-110.75129
1962073,ab-9942845,43.47428,-110.75057
1962074,ab-995502,42.9911,-110.96397
1962075,ab-9975644,42.40737,-105.39456
1962076,ab-9990952,42.799,-106.338
1962077,ab-9996202,43.51597284286423,-110.84948758047024
1962078,ha-1000053,42.70273281,-110.92336397
1962079,ha-1000082,43.853,-110.313
1962080,ha-1000445,42.84249838,-106.39237098
1962081,ha-1001068,43.5912999,-110.825
1962082,ha-1003022,44.1518049,-104.0828592
1962083,ha-1003143,43.5317,-110.847
1962084,ha-1003144,43.5326,-110.847
1962085,ha-1003145,43.5329,-110.846
1962086,ha-1003146,43.533,-110.846
1962087,ha-1003148,43.531578,-110.845377
1962088,ha-1003149,43.531578,-110.845377
1962089,ha-1003150,43.5309,-110.847
1962090,ha-1003151,43.5311,-110.847
1962091,ha-1003152,43.5311,-110.846
1962092,ha-1003153,43.5319999,-110.846
1962093,ha-1003154,43.5319999,-110.846
1962094,ha-1003155,43.5323,-110.846
1962095,ha-1003156,43.5329,-110.842
1962096,ha-1003157,43.5331,-110.843
1962097,ha-1003158,43.5331,-110.843
1962098,ha-1003159,43.534,-110.842
1962099,ha-1003160,43.534,-110.842
1962100,ha-1003161,43.5337,-110.842
1962101,ha-1003162,43.5337,-110.842
1962102,ha-1003163,43.5338,-110.844
1962103,ha-1003165,43.5336,-110.844
1962104,ha-1003166,43.533,-110.852
1962105,ha-1003167,43.5334,-110.852
1962106,ha-1003168,43.5338,-110.852
1962107,ha-1003169,43.534,-110.85
1962108,ha-1003171,43.5334,-110.85
1962109,ha-1003172,43.5332,-110.851
1962110,ha-1003173,43.5332,-110.851
1962111,ha-1003174,43.5377,-110.846
1962112,ha-1003175,43.5377,-110.845
1962113,ha-1003176,43.5368633,-110.8468848
1962114,ha-1003177,43.5308,-110.844
1962115,ha-1003179,43.5308,-110.844
1962116,ha-1003180,43.5834552,-110.8387026
1962117,ha-1003181,43.5886,-110.829
1962118,ha-1003182,43.5886,-110.829
1962119,ha-1003183,43.5886,-110.829
1962120,ha-1003184,43.588,-110.833
1962121,ha-1003185,43.5843,-110.837
1962122,ha-1003186,43.5877,-110.8320416
1962123,ha-1003187,43.5848,-110.833
1962124,ha-1003188,43.5848,-110.833
1962125,ha-1003189,43.5906,-110.825
1962126,ha-1003190,43.5845,-110.833
1962127,ha-1003191,43.5845,-110.833
1962128,ha-1003193,43.5912,-110.825
1962129,ha-1003194,43.5912999,-110.825
1962130,ha-1003195,43.592,-110.828
1962131,ha-1003196,43.59131961,-110.82754555
1962132,ha-1003197,43.5313,-110.851
1962133,ha-1003198,43.5856,-110.831
1962134,ha-1003199,43.5856,-110.831
1962135,ha-1003201,43.5856,-110.831
1962136,ha-1003202,43.5345,-110.844
1962137,ha-1003203,43.5319999,-110.847
1962138,ha-1003204,43.5851,-110.836
1962139,ha-1003205,43.5822,-110.837
1962140,ha-1003206,43.5822,-110.837
1962141,ha-1003207,43.5309,-110.846
1962142,ha-1003208,43.534,-110.845
1962143,ha-1003210,43.5827,-110.834
1962144,ha-1003211,43.5820999,-110.835
1962145,ha-1003212,43.5820999,-110.835
1962146,ha-1003213,43.5820999,-110.835
1962147,ha-1003214,43.5308,-110.845
1962148,ha-1003216,43.5844,-110.836
1962149,ha-1003217,43.53,-110.844
1962150,ha-1003218,43.5861,-110.834
1962151,ha-1003219,43.5375,-110.843
1962152,ha-1003220,43.5827,-110.835
1962153,ha-1003221,43.5827,-110.835
1962154,ha-1003223,43.5824478,-110.8330417
1962155,ha-1003224,43.5824478,-110.8330417
1962156,ha-1003225,43.5827,-110.836
1962157,ha-1003287,43.481713,-110.764857
1962158,ha-1003290,43.481713,-110.764857
1962159,ha-1005511,43.5914233,-110.8258183
1962160,ha-1007243,42.7604683,-104.4364313
1962161,ha-1007503,43.4287463,-110.80781969
1962162,ha-1011268,43.47199971,-110.78831964
1962163,ha-1014831,43.414,-110.805
1962164,ha-1016064,43.5778,-110.8299
1962165,ha-1016408,43.5822,-110.834
1962166,ha-1020221,43.54146482,-109.65258432
1962167,ha-1020677,43.47447275,-110.75433259
1962168,ha-1021901,43.75755239,-111.03341849
1962169,ha-1023653,42.7326263,-106.30661525
1962170,ha-1025079,44.527461,-109.057449
1962171,ha-1025565,42.85931649,-109.78686799
1962172,ha-1025645,43.43181129,-110.79958397
1962173,ha-1026085,44.94818484,-109.12972332
1962174,ha-1026086,44.524196,-109.057652
1962175,ha-1026447,43.5845,-110.833
1962176,ha-1028216,43.48122873,-110.74942343
1962177,ha-1028323,44.45850524,-109.8517486
1962178,ha-1029202,42.84854547,-109.86743722
1962179,ha-1029778,43.56830777,-110.746
1962180,ha-1030000,43.48257229,-110.75674378
1962181,ha-1030996,43.5313411,-110.8459193
1962182,ha-1032349,43.48092599,-110.75461305
1962183,ha-1034268,43.58308555,-110.83960559999998
1962184,ha-1034358,43.53911826,-110.83203552
1962185,ha-1035001,43.528185,-109.633366
1962186,ha-1035010,43.4149081,-109.4251562
1962187,ha-1035293,44.47831499,-109.36694002
1962188,ha-1036352,43.46347225,-110.879006
1962189,ha-1036403,43.47154550000001,-110.76361376
1962190,ha-1038875,43.5661,-110.749
1962191,ha-1039757,43.5338,-110.844
1962192,ha-1039822,43.84999873,-110.31036994
1962193,ha-1040531,43.67639714,-108.20971777
1962194,ha-1041163,43.4112,-110.791
1962195,ha-1041196,44.455623,-109.49291200000002
1962196,ha-1041418,43.4808653747485,-110.768031591541
1962197,ha-1041494,44.52950262,-109.05783649
1962198,ha-1042487,43.210228,-110.011391
1962199,ha-1042952,43.57712719,-110.75059415
1962200,ha-1047008,43.58005939,-109.82643601
1962201,ha-1047471,42.83748947,-108.73936693
1962202,ha-1048029,44.79637885,-106.96524592
1962203,ha-1049943,43.50060971,-110.87406437
1962204,ha-1050492,44.52725552,-109.04114844
1962205,ha-1050560,42.84310429999999,-106.3219981
1962206,ha-1051242,43.5774,-110.756
1962207,ha-1051669,43.58354887,-110.8345875
1962208,ha-1054505,43.47801673,-110.75738199
1962209,ha-1054566,44.69266884,-106.982466
1962210,ha-1054846,43.4735,-110.75
1962211,ha-1055212,43.5026408588902,-110.798710321426
1962212,ha-1055343,43.53390485,-110.84919665
1962213,ha-1056172,43.5820999,-110.8359999
1962214,ha-1056205,44.6789657,-109.19699741
1962215,ha-1058458,44.6822527,-106.9906538
1962216,ha-1058479,43.39067095,-110.71982952
1962217,ha-1060056,43.47907723,-110.74704867
1962218,ha-1060797,43.53378624,-110.83974357
1962219,ha-1061775,43.5847496584956,-110.838571609787
1962220,ha-1063492,43.75794509,-111.03877219
1962221,ha-1063526,43.53086251,-110.84712276
1962222,ha-106405,43.58269882202151,-110.835998535156
1962223,ha-1065054,43.58182,-110.8362
1962224,ha-1065732,42.83506294,-106.32519239
1962225,ha-1066679,44.70955775,-106.99333735
1962226,ha-1067127,44.14621052,-109.60299939
1962227,ha-1067769,43.53339098,-110.84637456
1962228,ha-1068896,43.4185,-110.81
1962229,ha-1070852,42.56293455,-106.72876392
1962230,ha-1071069,43.58483594,-110.82577758
1962231,ha-1071140,42.56362993,-106.72936473
1962232,ha-1071261,42.56299777,-106.73202548
1962233,ha-1071779,43.5027,-110.894
1962234,ha-1071933,44.52250513,-109.0363524
1962235,ha-1072672,43.478242,-110.766122
1962236,ha-1073725,43.73937520000001,-110.5898035
1962237,ha-1073726,43.50297354,-110.87191417
1962238,ha-1074771,42.58711083,-110.90464797
1962239,ha-1074951,43.49829,-110.869774
1962240,ha-1075434,43.47738817,-110.75397981
1962241,ha-1076454,43.5852999,-110.833
1962242,ha-1076724,43.47363170000001,-110.74242713
1962243,ha-1077153,42.80070263,-106.32930997
1962244,ha-1077176,43.50240695,-110.87392214
1962245,ha-1077283,43.5287999,-110.834
1962246,ha-1077539,43.47334707,-110.76970915
1962247,ha-1077802,42.9778494,-109.7586597
1962248,ha-1077902,43.02736684953901,-108.455399763752
1962249,ha-1078646,42.978783471762,-109.75860605582
1962250,ha-1079417,43.3863,-110.72
1962251,ha-1079446,43.11262567,-110.43683063
1962252,ha-1079571,42.97917879999999,-110.97144509999998
1962253,ha-1079959,43.72581314,-111.04588139
1962254,ha-1079991,43.5735,-110.753
1962255,ha-1081322,44.52559394,-109.05527069
1962256,ha-1084320,43.5482688,-109.6649654
1962257,ha-1085977,43.4737,-110.754
1962258,ha-1086206,43.580567616094896,-110.82986534418
1962259,ha-1087805,44.4650043,-109.4924587
1962260,ha-1088380,43.18386067,-111.02458336
1962261,ha-1089889,43.113182,-110.43801
1962262,ha-1089926,43.113182,-110.43801
1962263,ha-1090612,43.3013489,-110.6696899
1962264,ha-1090627,44.33962884,-106.75049715
1962265,ha-1091539,43.68797894,-109.96014573
1962266,ha-1092359,43.71912394,-109.97227624
1962267,ha-1093744,43.5336,-110.85
1962268,ha-1094145,43.5653,-110.748
1962269,ha-1095067,43.5914168,-110.8258018
1962270,ha-1095116,44.524195,-109.057457
1962271,ha-1095117,44.458817,-109.494362
1962272,ha-1095217,43.5327,-110.849
1962273,ha-1095339,42.8630004,-109.8405657
1962274,ha-1095352,43.66063757,-109.94766694
1962275,ha-1096286,43.3013489,-110.6696899
1962276,ha-1096345,43.30187052,-110.67101163
1962277,ha-1096428,43.30311287,-110.67182297
1962278,ha-1097971,43.571468,-109.817592
1962279,ha-1098711,43.52061874,-110.86235602
1962280,ha-1099749,43.4769,-110.865
1962281,ha-1100767,41.48774206,-106.77145793
1962282,ha-1101373,42.97884627,-109.758252
1962283,ha-1102049,42.83978763,-108.72370282
1962284,ha-1102320,43.178326,-111.007078
1962285,ha-1102350,43.584,-110.8262
1962286,ha-1103244,43.58313454730829,-110.828480930688
1962287,ha-1104571,43.4954,-110.878
1962288,ha-1104935,42.8302905,-108.7326543
1962289,ha-1107942,44.797537,-106.963144
1962290,ha-1109025,42.9562503,-109.7820987
1962291,ha-1111788,42.98870483,-110.97051332
1962292,ha-1112457,42.84286824,-106.29770546
1962293,ha-1113714,43.49660771,-110.87838399
1962294,ha-1114386,43.4748,-110.754
1962295,ha-1114776,43.4748,-110.754
1962296,ha-1114872,42.796633,-108.762958
1962297,ha-1115370,43.4748,-110.754
1962298,ha-1115715,43.4748,-110.754
1962299,ha-1116817,43.5308,-110.844
1962300,ha-1117103,41.15405131,-104.82646076
1962301,ha-111713,43.59104538,-110.82566071
1962302,ha-1118029,42.86576646,-109.85938075
1962303,ha-1118340,43.5827,-110.835
1962304,ha-1119699,43.4579483,-110.80423628
1962305,ha-1119897,43.47124075,-110.77006562
1962306,ha-1121567,43.47117,-110.86793379
1962307,ha-1122895,43.4808,-110.753
1962308,ha-1123119,41.12580120000001,-104.69890757
1962309,ha-1123565,43.48684958,-110.76564191
1962310,ha-1123841,42.82554219,-108.72940431
1962311,ha-1124013,42.72109744,-110.92149754
1962312,ha-1126215,44.48483691,-109.35169161
1962313,ha-1127324,43.46830049,-110.78309084
1962314,ha-1128234,43.08923400000001,-111.015622
1962315,ha-1128776,42.82501271,-106.26942866
1962316,ha-1130201,44.528052,-109.03907
1962317,ha-1130776,43.511,-110.77
1962318,ha-1131078,43.3865,-110.729
1962319,ha-1131582,43.53122164,-110.84982827
1962320,ha-1132065,43.53228421,-110.85319918
1962321,ha-1132223,42.83705850000001,-108.73029766
1962322,ha-1133670,43.4751,-110.755
1962323,ha-1133834,43.531298,-110.8459257
1962324,ha-1134863,43.88221796,-110.46295049
1962325,ha-1134981,42.51739082,-105.02194134
1962326,ha-1135153,43.5761327,-109.7700991
1962327,ha-1135186,43.5761327,-109.7700991
1962328,ha-1135193,43.5761327,-109.7700991
1962329,ha-1135795,43.5773404,-109.741496
1962330,ha-1136722,43.47374593,-110.74216072
1962331,ha-1136961,43.5726,-110.755
1962332,ha-1137129,43.48756379,-110.86408297
1962333,ha-1138467,42.73804633,-106.32652645
1962334,ha-1138556,44.454203,-109.494099
1962335,ha-1139654,43.58325889,-110.82865259
1962336,ha-1140192,42.81272417,-108.70615835
1962337,ha-1140199,43.5729057,-110.7541282
1962338,ha-1140698,43.5875689,-110.8352318
1962339,ha-1142641,43.47067001,-110.78090885
1962340,ha-1143315,43.51546274,-110.83555685
1962341,ha-1143748,43.24988447,-110.47521766
1962342,ha-1144976,43.50812196,-110.85103285
1962343,ha-1145802,44.49437738,-108.96185857
1962344,ha-1145880,42.831383,-106.403027
1962345,ha-1148628,42.73656271,-106.35235796
1962346,ha-1148710,43.24528434,-110.46819895
1962347,ha-1150467,43.41913112,-110.78711566
1962348,ha-1151248,43.04477369,-111.04339232
1962349,ha-1151401,43.5824402,-110.8330265
1962350,ha-1152375,42.83360020000001,-108.7175323
1962351,ha-1153103,44.31823970000001,-104.7367759
1962352,ha-1154171,43.58130489,-110.83133774
1962353,ha-1155704,44.7029655710634,-108.751644387558
1962354,ha-1156661,43.30419191,-110.67313442
1962355,ha-1156732,41.31069579,-105.78708302
1962356,ha-1157840,42.7480339,-106.323428
1962357,ha-1158236,43.5894023,-110.8267447
1962358,ha-1159993,43.27438152,-110.77865836
1962359,ha-1159994,43.299899,-110.77495189
1962360,ha-1159996,43.2764908,-110.78594217
1962361,ha-1160002,43.27831684,-110.77870246
1962362,ha-1162971,44.2095455,-106.6432904
1962363,ha-1163673,44.34644636,-106.70083378
1962364,ha-1164686,43.48042783,-110.7644684
1962365,ha-1165043,43.6049999,-110.751
1962366,ha-1169248,43.64992798,-108.21575996
1962367,ha-1169326,43.51600000000001,-110.8002
1962368,ha-1169398,43.603149,-109.80163799999998
1962369,ha-1170415,43.6002,-110.7476
1962370,ha-1170416,43.4877,-110.8551
1962371,ha-1170443,43.5836,-110.827
1962372,ha-1172110,43.52254895,-110.838
1962373,ha-1173552,41.3163018,-106.14463700000002
1962374,ha-1173828,41.3160344,-106.14505859999998
1962375,ha-1174627,43.5916,-110.824
1962376,ha-1177954,43.58120767,-110.83677815
1962377,ha-1178677,43.57923579,-110.83319558
1962378,ha-1180483,43.5052071,-110.7582888
1962379,ha-1180882,43.53820187,-110.81708542
1962380,ha-1181121,41.258409,-110.4118145
1962381,ha-1184279,41.31494712,-105.58961478
1962382,ha-1185283,43.2027058,-110.01038707
1962383,ha-1185345,43.5832,-110.8358
1962384,ha-1188033,43.59188026,-110.82756151
1962385,ha-1188442,43.5289,-110.846
1962386,ha-1189616,42.70452371,-110.9316627
1962387,ha-1190877,43.5327,-110.849
1962388,ha-1192701,43.58440244,-110.83373594
1962389,ha-1194487,43.4745,-110.7475
1962390,ha-1198084,43.58297911,-110.82848093
1962391,ha-1201958,43.46628479103539,-110.872479606885
1962392,ha-1202398,43.586488,-110.8313416
1962393,ha-1203940,43.474596107151896,-110.747881982803
1962394,ha-1209978,43.75876464,-111.04553500000002
1962395,ha-1211195,42.7171779,-110.92689
1962396,ha-1211681,43.57075568,-109.78510442
1962397,ha-1212855,43.5169,-110.849
1962398,ha-1213523,43.50035138,-110.87487202
1962399,ha-1215086,44.53457229,-109.06913983
1962400,ha-1217869,44.88953789999999,-109.6603049
1962401,ha-1218005,41.45576101,-106.80751952
1962402,ha-1218782,43.582,-110.8374
1962403,ha-1219075,42.5345726672777,-106.812774547815
1962404,ha-1221691,41.09725282,-104.79166374
1962405,ha-1222113,43.5822,-110.8385
1962406,ha-1222269,42.84907968,-106.29008106
1962407,ha-1222712,43.4842,-110.765
1962408,ha-1224355,43.46847387,-110.77133402
1962409,ha-1224411,44.86248823,-109.63444948
1962410,ha-1224471,43.49540543,-110.81908884
1962411,ha-1226800,43.18441552,-111.03057129
1962412,ha-1234484,43.17225471,-111.0126904
1962413,ha-1235447,43.5315072929827,-110.829518788916
1962414,ha-1237255,43.53512425,-110.83858348
1962415,ha-1239466,43.5308,-110.845
1962416,ha-1243258,43.5829143188189,-110.827078289966
1962417,ha-1245345,43.49707019,-110.81690678
1962418,ha-1246456,43.5308,-110.844
1962419,ha-1250434,43.5339635,-110.843899
1962420,ha-1250807,44.684636,-107.011151
1962421,ha-1254529,43.4911,-110.774
1962422,ha-1254980,43.58057718117539,-110.828173262065
1962423,ha-1256454,42.80647977,-106.43912214
1962424,ha-1257115,43.4995,-110.8765
1962425,ha-1258492,43.4716,-110.774
1962426,ha-1259258,44.869287,-109.650805
1962427,ha-1265698,43.5862,-110.836
1962428,ha-1272909,44.46134145,-109.48578824
1962429,ha-1273428,44.52261171,-109.05772151
1962430,ha-1274304,44.45839492,-109.4879081
1962431,ha-1274565,44.465699,-109.460851
1962432,ha-1274626,43.53338184,-110.84296411
1962433,ha-127501,43.48298074657821,-110.745455181354
1962434,ha-1275322,43.260178,-110.775
1962435,ha-1276263,44.45769851,-109.4903689
1962436,ha-1278842,44.494804,-109.135222
1962437,ha-1280773,43.55154534,-109.66864999
1962438,ha-1283032,43.5837224,-110.832448
1962439,ha-1283751,43.5274,-110.827
1962440,ha-1284440,43.5336,-110.844
1962441,ha-1291165,41.16232473,-104.77853902
1962442,ha-1293119,43.4995,-110.877
1962443,ha-1296708,43.57835745,-110.83821748
1962444,ha-1297947,43.5882009,-110.8290494
1962445,ha-1298511,43.5335,-110.835
1962446,ha-1299248,44.30573442,-105.45122751
1962447,ha-1300458,42.826097,-108.733576
1962448,ha-1301612,43.01651571,-109.89869919
1962449,ha-1302788,44.87632979999999,-107.26001527
1962450,ha-1305510,44.50761296,-109.22349262
1962451,ha-1306668,43.5334,-110.8500001
1962452,ha-1306944,41.01578143,-110.90341799
1962453,ha-1308842,41.01430202,-110.90218417
1962454,ha-131059,43.584400177002,-110.833000183105
1962455,ha-1311105,43.47500963,-110.74681516
1962456,ha-1312293,44.22059439,-109.55297951
1962457,ha-1312914,43.47142706,-110.74977502
1962458,ha-1314081,42.536737,-106.789909
1962459,ha-1314742,43.5820306253021,-110.836333193918
1962460,ha-1314790,43.58857669,-110.83225749
1962461,ha-1317363,43.4729486,-110.74710854
1962462,ha-1323247,43.5835,-110.827
1962463,ha-1324818,44.5241093728924,-109.065204554562
1962464,ha-1325373,44.217851,-109.550456
1962465,ha-1325751,43.5894947,-110.823693
1962466,ha-1328498,42.791194,-111.0061987
1962467,ha-1329301,43.5873434,-110.8370009
1962468,ha-1330439,44.53182613,-109.05757548
1962469,ha-1330597,44.86220368,-109.6300286
1962470,ha-1331164,43.4706,-110.765
1962471,ha-1331748,44.86157283,-109.62972525
1962472,ha-1333307,44.8643865,-109.6344156
1962473,ha-1334877,44.86411745,-109.63311584
1962474,ha-1336076,43.43278224,-110.79777938
1962475,ha-1337389,44.469321,-109.41943
1962476,ha-1338163,44.143841,-109.61079019
1962477,ha-1339856,43.4340982,-110.7890503
1962478,ha-1341534,43.6453,-108.222
1962479,ha-1342755,43.5836,-110.8279
1962480,ha-1343623,43.5807867724292,-110.828189229639
1962481,ha-1343850,43.5287225,-110.8461317
1962482,ha-1348519,41.169293,-104.8371072
1962483,ha-1352207,41.31422394,-106.14139074
1962484,ha-1354141,43.5908058,-110.82407993
1962485,ha-1354753,42.5003684,-105.0257662
1962486,ha-1356100,43.5917413,-110.82930623
1962487,ha-1357057,44.0342791,-107.44886848
1962488,ha-1357058,44.03399388,-107.44385161
1962489,ha-1357643,43.49526194,-110.76848914
1962490,ha-1361433,43.08730569,-111.01968682
1962491,ha-1363826,43.58105001,-110.82894754
1962492,ha-1364359,41.2994912,-105.5620698
1962493,ha-1366613,43.5375,-110.8419999
1962494,ha-1367221,44.7943842,-106.9574751
1962495,ha-1367573,42.899908,-110.9835531
1962496,ha-1370000,44.5528113,-107.73309399
1962497,ha-1371868,43.57175616,-110.75391895
1962498,ha-1373030,43.58647583,-110.83130397
1962499,ha-137603,43.52236557,-110.8468399
1962500,ha-1376859,43.58556664,-110.82805001
1962501,ha-1378787,43.53042186,-110.8454999
1962502,ha-1379314,43.64938724,-108.21650647
1962503,ha-137934,43.590682402765104,-110.82482415582
1962504,ha-1381444,43.5341,-110.851
1962505,ha-1384414,41.176011,-104.8195832
1962506,ha-1386453,41.4566504065513,-106.809104816147
1962507,ha-1390089,43.5748294,-110.7742696
1962508,ha-1397002,41.3212918,-105.5390783
1962509,ha-1398553,43.573399,-110.7553944
1962510,ha-1399100,44.44831954,-109.49587632
1962511,ha-1403220,41.06369834,-104.80239686
1962512,ha-1406791,43.54403354,-110.82101622
1962513,ha-1409531,43.48396519,-110.76638192
1962514,ha-1411680,43.5299068,-110.84312394
1962515,ha-1411806,43.75863205,-111.03512084
1962516,ha-1413227,43.5820822,-110.8347886
1962517,ha-1415935,44.34284016,-106.72121728
1962518,ha-1420120,43.53501059,-110.84298291
1962519,ha-1422454,43.53306656,-110.8424421
1962520,ha-1424680,43.50437526,-110.77676275
1962521,ha-1427262,43.57300220000001,-110.753799
1962522,ha-1427552,43.5841726,-110.8392163
1962523,ha-1428119,43.5334999,-110.845
1962524,ha-1430005,43.579891154237785,-110.828673569589
1962525,ha-1432205,43.177637,-111.015138
1962526,ha-1432206,43.5309,-110.847
1962527,ha-1432208,43.57498938,-110.75375619
1962528,ha-1432555,43.5843,-110.836
1962529,ha-1435033,43.47367,-110.754791
1962530,ha-1437708,43.5309,-110.847
1962531,ha-1442596,43.5090999,-110.692
1962532,ha-1442611,42.81728172,-106.34185615
1962533,ha-1442703,43.47339205,-110.76702854
1962534,ha-1443621,43.4684703,-110.88323787
1962535,ha-1448920,43.48,-110.88
1962536,ha-1449379,43.5317999,-110.85
1962537,ha-1449739,43.53,-110.85
1962538,ha-1451820,43.47778389,-110.75165076
1962539,ha-1458597,43.4722,-110.892
1962540,ha-1458805,44.4792019,-109.3642895
1962541,ha-1461280,43.85177838,-110.32533254
1962542,ha-1461495,43.5330178,-110.8421021
1962543,ha-1461497,43.58376629999999,-110.8373539
1962544,ha-1463926,44.5134944,-109.408084
1962545,ha-1465791,43.64940434,-108.2026933
1962546,ha-1466675,43.01453344,-111.00152029
1962547,ha-1471275,43.5953007,-110.8248465
1962548,ha-1475427,44.6284402320214,-107.065312087836
1962549,ha-1477415,43.57379507,-110.75312338
1962550,ha-1482164,43.5823,-110.8278
1962551,ha-1486372,43.5279067,-110.8397902
1962552,ha-1491645,42.9775059,-110.9595215
1962553,ha-1492688,43.4773,-110.756
1962554,ha-1492864,43.5827,-110.835
1962555,ha-1492904,43.5044422817451,-110.771065403705
1962556,ha-149464ha,43.587,-110.828
1962557,ha-149469ha,43.33827899,-110.72494271
1962558,ha-149607ha,43.5820999,-110.835
1962559,ha-1497147,43.5866,-110.833
1962560,ha-1501782,42.87834585,-110.96303539
1962561,ha-1502463,43.53522778,-110.84371543
1962562,ha-1504665,43.58157236,-109.79530282
1962563,ha-1507662,43.74657782,-111.0455603
1962564,ha-1507665,43.74943048,-111.04627193
1962565,ha-1507672,43.74526026,-111.04559436
1962566,ha-1507677,43.7488153,-111.04458527
1962567,ha-1507703,43.74983404,-111.04645233
1962568,ha-1511378,44.35706751,-106.66033579
1962569,ha-1512774,43.00101082,-110.97112257
1962570,ha-1514248,44.4218017,-104.44423055
1962571,ha-1514952,43.4788,-110.759
1962572,ha-1515680,43.5855978,-110.832025
1962573,ha-1515825,43.47443152,-110.75853917
1962574,ha-151608,43.5881004333496,-110.829002380371
1962575,ha-1520888,42.95514832,-109.78157116
1962576,ha-1524263,43.479952,-110.76789141
1962577,ha-1525359,41.2870649,-106.1315011
1962578,ha-1525968,43.4597345,-110.7947494
1962579,ha-152974,43.58842594,-110.82942758
1962580,ha-1530770,44.5706172930612,-106.909948369312
1962581,ha-1534116,43.4773,-110.7639
1962582,ha-1535043,43.58272437,-110.83749175
1962583,ha-153720ha,43.533,-110.846
1962584,ha-1538397,43.5911,-110.824
1962585,ha-1539210,43.52865381,-110.84448216
1962586,ha-1546767,41.07975471,-106.01155402
1962587,ha-1550591,43.5569573,-110.7908276
1962588,ha-1559067,44.46658950000001,-109.1391297
1962589,ha-1559147,41.31996948,-106.15149726
1962590,ha-1559213,43.4722133,-110.761995
1962591,ha-1568083,41.21431072,-106.77702178
1962592,ha-1568214,43.46879391,-110.77377836
1962593,ha-1571086,43.43585831,-110.80563789
1962594,ha-1574372,42.98985517,-110.96450709
1962595,ha-1575501,43.47976674,-110.74789258
1962596,ha-1580099,43.26685904,-110.77650375
1962597,ha-1582532,41.45515570000001,-106.81807601
1962598,ha-1582576,43.53306905,-110.82139327
1962599,ha-1584345,43.47288978062671,-110.753343322754
1962600,ha-1584999,41.2428402,-110.369017
1962601,ha-1585646,43.5098,-110.802
1962602,ha-1585824,43.5309,-110.85
1962603,ha-1585871,43.4956429,-108.1567875
1962604,ha-1587600,43.47343021,-110.75174779
1962605,ha-1588547,43.47815900000001,-110.816955
1962606,ha-1588970,44.89524313,-109.12264438
1962607,ha-1593201,43.492,-110.774
1962608,ha-1597262,43.54065524,-109.65953584
1962609,ha-1597425,43.572262,-110.750819
1962610,ha-1597709,44.80092846,-106.9567683
1962611,ha-1598002,43.5332,-110.846
1962612,ha-1598003,43.5856,-110.836
1962613,ha-1598526,43.412233,-110.809542
1962614,ha-1599308,43.49445,-110.814466
1962615,ha-1601158,43.560106,-110.7681148
1962616,ha-160158,43.113652,-110.30181
1962617,ha-1605278,44.4198687,-109.2163429
1962618,ha-160630,43.4766,-110.74952793
1962619,ha-160635,43.58798,-110.82799
1962620,ha-1608387,44.5284070820555,-109.065310220901
1962621,ha-1614443,44.473467,-109.3803371
1962622,ha-1614678,43.4746,-110.764
1962623,ha-1617500,43.5336,-110.85
1962624,ha-162357,43.56594288,-109.75951849
1962625,ha-1625716,43.473141,-110.803531
1962626,ha-1627475,43.4722133,-110.761995
1962627,ha-1629991,44.52366129999999,-109.0648673
1962628,ha-1630032,44.4933,-109.4243815
1962629,ha-1630188,44.49508837,-108.04732393
1962630,ha-1631378,43.57816029999999,-110.8294207
1962631,ha-1635176,44.524195,-109.057261
1962632,ha-1637901,44.30564344,-104.79974322
1962633,ha-1643743,44.32167533,-104.29074592
1962634,ha-1645886,43.46935062,-110.74103469
1962635,ha-1649113,41.17614272,-104.78619206
1962636,ha-1649152,43.5870174,-110.83004223
1962637,ha-1651901,43.469998,-110.80535
1962638,ha-1653003,43.47757851,-110.7527817
1962639,ha-1657778,44.11193603,-104.21290253
1962640,ha-1657790,44.71025932,-108.87599077
1962641,ha-1658706,42.90791714,-110.1850494
1962642,ha-1659612,44.58609925,-108.96986848
1962643,ha-166293,43.53356,-109.63043
1962644,ha-1664544,43.59080575,-110.82493186
1962645,ha-1666242,43.583149163734895,-110.828410624081
1962646,ha-1667825,43.43716076,-110.86369938
1962647,ha-1672595,44.89009621,-109.21385561
1962648,ha-1673173,42.79825637,-109.75831427
1962649,ha-1673343,42.9182564,-110.99184133
1962650,ha-1675568,43.4722,-110.753
1962651,ha-167620,43.4970243685614,-110.883449746094
1962652,ha-167665,43.49690355,-110.88696256
1962653,ha-1676779,44.60089116,-104.65561979
1962654,ha-1678385,44.80237459,-106.95304286
1962655,ha-1678612,44.0341262,-107.4511871
1962656,ha-1679444,43.41931632,-110.78164347
1962657,ha-1688867,41.8696193,-105.2225855
1962658,ha-1690950,42.98753939,-110.95879418
1962659,ha-1691551,43.475498,-110.766449
1962660,ha-1701262,43.58212774176,-110.834483421704
1962661,ha-1703227,43.76461214,-111.04239549
1962662,ha-1704222,42.7811672,-106.4519751
1962663,ha-1705819,41.33016129999999,-106.71766679
1962664,ha-1706843,41.45591051,-106.8119088
1962665,ha-1706844,41.45106488,-106.8087741
1962666,ha-1706846,41.45203226,-106.80747304
1962667,ha-1708072,41.3276074,-106.71988584
1962668,ha-1708568,43.5807648,-110.8258513
1962669,ha-1709506,41.45809474,-106.82366788
1962670,ha-1715580,44.26406160000001,-107.556229
1962671,ha-1715859,43.47787062,-110.76150069
1962672,ha-1716581,43.5317,-110.845
1962673,ha-1717434,41.3128807,-105.59948391
1962674,ha-1717895,43.5651,-110.75919
1962675,ha-1721679,43.58628,-110.8225
1962676,ha-1729911,43.47328857,-110.76566173
1962677,ha-1739677,43.471281,-110.767981
1962678,ha-1744000,44.45791725,-109.85796428
1962679,ha-1744480,44.301418879893205,-106.719809944705
1962680,ha-1747741,44.59733482,-108.96998329999998
1962681,ha-1758424,43.59258449,-110.82844911
1962682,ha-1760978,43.5867619,-110.8278176
1962683,ha-1761262,42.48571101,-108.82656103
1962684,ha-1765476,43.5794465,-110.8266009
1962685,ha-1766909,43.43518727416511,-109.53460487742
1962686,ha-1768170,43.4770905,-110.764434
1962687,ha-1768933,41.3234208,-105.5610393
1962688,ha-1769083,43.53065593,-109.64577852
1962689,ha-1778928,43.59018419,-110.76489006
1962690,ha-1779716,43.5802,-110.8286
1962691,ha-1780795,43.5811826,-110.83349114
1962692,ha-1782522,43.5308,-110.845
1962693,ha-1782967,42.97297281,-110.96519103
1962694,ha-179130,43.48783111572271,-110.818550109863
1962695,ha-1792821,43.4985406,-110.7750214
1962696,ha-1795168,43.47122764,-110.76545374
1962697,ha-1795476,43.4722133,-110.761995
1962698,ha-1807066,43.5824387,-110.8356456
1962699,ha-1811069,43.566,-110.75
1962700,ha-1812789,43.4729231,-110.75388490000002
1962701,ha-1829020,43.5245,-110.836
1962702,ha-1830509,43.53006985,-110.85014977
1962703,ha-1834266,43.47749,-110.76645
1962704,ha-1838272,42.90017810000001,-110.9175834
1962705,ha-1838759,43.74413320000001,-111.04571704
1962706,ha-1840653,43.5824478,-110.8330417
1962707,ha-1842491,43.6821026,-108.2054827
1962708,ha-185084,43.58820157,-110.83516593
1962709,ha-1851695,43.59282701,-110.8241104
1962710,ha-1858264,43.58973741,-110.83674015
1962711,ha-1859465,41.28497582,-106.12598603
1962712,ha-1860572,44.438458,-109.256146
1962713,ha-1862392,44.5587216544042,-109.028227460388
1962714,ha-1863289,43.5839845,-110.8324506
1962715,ha-1866957,43.46957397,-110.89308401
1962716,ha-1869874,43.5007599,-110.8752112
1962717,ha-1874541,43.10978962,-111.02154312
1962718,ha-1889774,43.582222,-110.828499
1962719,ha-1889775,43.57866011702371,-110.827056088253
1962720,ha-1895773,44.34995,-108.0256972
1962721,ha-1899031,42.82210738,-106.31123718
1962722,ha-1904827,43.47607217,-110.74754466
1962723,ha-1907530,41.163559,-104.799002
1962724,ha-1907534,41.163559,-104.799002
1962725,ha-1907537,41.163559,-104.799002
1962726,ha-1907542,41.163559,-104.799002
1962727,ha-1907549,41.163559,-104.799002
1962728,ha-1907553,41.163559,-104.799002
1962729,ha-1912758,44.2793674,-105.4722
1962730,ha-1913560,43.5960395,-110.8268343
1962731,ha-1914112,43.47749,-110.76645
1962732,ha-1915170,43.481713,-110.764857
1962733,ha-1916760,43.5640769247014,-110.208462944668
1962734,ha-1918027,43.27653437,-110.78287159
1962735,ha-1918029,43.27237747,-110.77805533
1962736,ha-1918031,43.27627172,-110.77825086
1962737,ha-1918037,43.46892945,-110.73649128
1962738,ha-1918038,43.27643725,-110.77836892
1962739,ha-1918040,43.27774886,-110.78553421
1962740,ha-1918366,44.4706947,-109.4901064
1962741,ha-1928373,43.53143789999999,-110.8477978
1962742,ha-1930647,43.523131892732,-109.610188536286
1962743,ha-193576,43.4701118469238,-110.767166137695
1962744,ha-1941164,44.4786833,-109.3354624
1962745,ha-1942609,44.47880429999999,-109.3353883
1962746,ha-1943071,44.478421,-109.335623
1962747,ha-1943083,44.47880429999999,-109.3353883
1962748,ha-1947164,44.493852,-109.429839
1962749,ha-1947709,44.90006,-109.199778
1962750,ha-1950441,44.530682,-109.05938
1962751,ha-1950447,44.914998,-109.215814
1962752,ha-1951179,42.7234741547779,-111.012591547191
1962753,ha-1952370,43.570054,-109.829245
1962754,ha-1959427,43.47331842,-110.76132126
1962755,ha-1972665,44.75098927,-108.77723598
1962756,ha-199263,43.58810043,-110.82900238
1962757,ha-202644,43.59348463417211,-110.824898076057
1962758,ha-206772,43.58637120000001,-110.82770329
1962759,ha-212560ha,42.96848221,-110.99933624
1962760,ha-218435,43.4695143,-110.90244219
1962761,ha-221360ha,43.53684970000001,-110.846192
1962762,ha-221628,43.58607797,-110.82360533
1962763,ha-222758,43.53382874,-109.63361359
1962764,ha-227247,43.49858887,-110.8857638
1962765,ha-230260,43.49702437,-110.88344975
1962766,ha-231993,43.4405597,-110.8113818
1962767,ha-232006,43.4970243685614,-110.883449746094
1962768,ha-232504,43.4114999,-110.808
1962769,ha-233938,43.5870590209961,-110.827667236328
1962770,ha-244207,43.5857,-110.831
1962771,ha-245225,43.49818304,-110.88468326
1962772,ha-249722,43.47572327,-110.75892639
1962773,ha-254124,43.47397614,-110.75171661
1962774,ha-254826,43.16436425,-111.02276237
1962775,ha-254923,43.584400177002,-110.833000183105
1962776,ha-257411,43.49450892,-110.88225207
1962777,ha-261562,44.39381409,-109.30754089
1962778,ha-263010,41.02496,-107.44979
1962779,ha-2641762ha,44.5276,-109.06065
1962780,ha-264986,43.53702927,-110.8427887
1962781,ha-265716,43.5291900634766,-110.843627929688
1962782,ha-266981,43.43631744,-110.86297607
1962783,ha-267001,43.6281097914314,-110.535454492065
1962784,ha-271088,43.5853653,-110.83288574
1962785,ha-272408ha,44.460250379306295,-109.139986038208
1962786,ha-275955,43.5777400706328,-110.828242873819
1962787,ha-275963,43.59601712,-110.82686454
1962788,ha-28328,43.52870178,-110.84600067
1962789,ha-288349,43.5331192,-110.84003448
1962790,ha-288833ha,44.4568288,-109.49003559999998
1962791,ha-290559,43.57810537,-110.82896707
1962792,ha-290752,43.59024810791021,-110.824722290039
1962793,ha-292941,43.48105515,-110.76385345
1962794,ha-294930,43.5350001,-110.84200283
1962795,ha-299231,43.58717315,-110.83154324
1962796,ha-29947,43.58798,-110.82799
1962797,ha-300041,43.5875,-110.833
1962798,ha-303743,43.48738318,-110.87840722
1962799,ha-305130,42.85398266,-110.98461316
1962800,ha-309184,43.56391393,-110.79649395
1962801,ha-315736,43.5864,-110.833
1962802,ha-321293,43.58256530761721,-110.834671020508
1962803,ha-322542,43.5881004333496,-110.829002380371
1962804,ha-324902,43.50402451,-110.85114288
1962805,ha-325729,43.5279007,-110.84400177
1962806,ha-327549ha,41.4593456,-106.8091873
1962807,ha-328128,43.5917434692383,-110.825500488281
1962808,ha-330070,43.58269882,-110.83499908
1962809,ha-331597,43.5824425,-110.8330243
1962810,ha-333032,43.48379898,-110.76464081
1962811,ha-336575,43.4966818241088,-110.901561221362
1962812,ha-337135,44.59340286,-107.83750916
1962813,ha-337168,43.57862223,-110.82660136
1962814,ha-337457,43.57868441,-110.82663891
1962815,ha-337747ha,43.4746,-110.754
1962816,ha-340984,43.585894,-110.83071123
1962817,ha-341627,44.6818519,-104.60233962
1962818,ha-341856ha,43.7554,-111.024
1962819,ha-341998,43.5835531673067,-110.835115751868
1962820,ha-344013,43.5341,-110.851
1962821,ha-344053,43.50718502,-110.84822597
1962822,ha-344134,44.12234497,-106.88607025
1962823,ha-344939,43.58209991,-110.83499908
1962824,ha-347361,43.5336488728076,-110.850742507935
1962825,ha-348239,41.21826695,-104.82948735
1962826,ha-349987,43.48409271240229,-110.765129089355
1962827,ha-3503818ha,41.45509075601429,-106.806340469312
1962828,ha-3505155ha,43.587,-110.828
1962829,ha-3505195ha,43.5859035,-110.8295671
1962830,ha-3505196ha,43.587,-110.828
1962831,ha-3523013ha,41.1090883,-106.0104147
1962832,ha-352679ha,43.4266999,-110.814
1962833,ha-3535439ha,44.478723,-109.440246
1962834,ha-3535442ha,44.461807,-109.522292
1962835,ha-354612,41.2172966003418,-106.779434204102
1962836,ha-355068,43.52829742,-110.8433075
1962837,ha-3559265ha,43.5906,-110.823
1962838,ha-357661,43.58879852,-110.82700348
1962839,ha-357875,43.52929149,-110.84024215
1962840,ha-361493,43.59194595,-110.82122864
1962841,ha-361552,43.50528717,-110.77064514
1962842,ha-3646967ha,43.587,-110.828
1962843,ha-365195,43.5863631600704,-110.831487497572
1962844,ha-3660335ha,43.4821755,-110.82857479999998
1962845,ha-36839,41.01475143,-110.89951324
1962846,ha-368443,43.58219909667971,-110.833999633789
1962847,ha-3687828ha,43.5658,-110.75
1962848,ha-3687829ha,43.5795,-110.761
1962849,ha-3687830ha,43.4751,-110.756
1962850,ha-3691629ha,43.5343727770385,-110.843316600664
1962851,ha-369366,43.5786144587328,-110.826622819574
1962852,ha-3711852ha,43.5913473,-110.8270641
1962853,ha-3711853ha,43.5919907,-110.8271869
1962854,ha-3711911ha,43.5913941,-110.8236374
1962855,ha-372246,43.63697225,-108.20976326
1962856,ha-3738274ha,44.524638,-109.057407
1962857,ha-374328,43.58317947,-109.79458618
1962858,ha-374984,43.53201179,-110.84689314
1962859,ha-3762039ha,43.5849,-110.837
1962860,ha-3766025ha,42.98023635,-110.96671805
1962861,ha-378226,43.38999939,-110.85199738
1962862,ha-378427,44.52664625132179,-104.584261441876
1962863,ha-378796ha,44.1252313,-106.7772605
1962864,ha-380204,43.52890015,-110.84600067
1962865,ha-381234,43.52840042,-110.84300232
1962866,ha-382739,43.53279877,-110.84799957
1962867,ha-383018,43.58380127,-110.83200073
1962868,ha-384429,43.5879898071289,-110.829521179199
1962869,ha-386455,43.57600316,-110.75602014
1962870,ha-386958,41.2512168884277,-106.079750061035
1962871,ha-3881557ha,43.5326,-110.847
1962872,ha-3881558ha,43.4738,-110.758
1962873,ha-3881560ha,43.4738,-110.758
1962874,ha-3881562ha,43.5734,-110.755
1962875,ha-3881566ha,43.573,-110.755
1962876,ha-3881572ha,43.56604664,-110.75001073
1962877,ha-3881580ha,43.5336202,-110.84763064418
1962878,ha-3881582ha,43.5308,-110.845
1962879,ha-3886623ha,43.5827,-110.835
1962880,ha-3887052ha,43.5914659,-110.82692119
1962881,ha-3887056ha,43.5827,-110.835
1962882,ha-3887060ha,43.5827,-110.835
1962883,ha-389981,44.474994,-109.39062
1962884,ha-390401,43.52060332,-110.84713884
1962885,ha-3920832ha,44.495658,-108.995272
1962886,ha-3927582ha,43.4747394,-110.7555327
1962887,ha-3939608ha,44.9033853634538,-109.190089570361
1962888,ha-3943914ha,41.184696,-104.81595
1962889,ha-396330,43.58256352,-110.83675799
1962890,ha-396549,43.53465652,-109.63330078
1962891,ha-3967454ha,44.91250269,-109.14386624
1962892,ha-398818,43.5443000793457,-110.81600189209
1962893,ha-3992771ha,41.316347,-106.1455334
1962894,ha-400651,43.53131485,-110.84383392
1962895,ha-4017570ha,44.6502928019406,-104.080358572778
1962896,ha-4023259ha,43.5735,-110.754
1962897,ha-402504,44.52748871,-109.0666275
1962898,ha-4025884ha,44.5740860432475,-107.704334147949
1962899,ha-4026462ha,43.588786,-110.831995
1962900,ha-4037633ha,43.7572,-111.038
1962901,ha-405544,43.57836595,-110.82704151
1962902,ha-405779,43.57836595,-110.82705223
1962903,ha-4060216ha,44.52462219,-109.05111002
1962904,ha-4079004ha,43.58867410000001,-110.8292086
1962905,ha-407968,43.52256775,-109.70412445
1962906,ha-4080049ha,44.524211,-109.065058
1962907,ha-411082,43.57828413583179,-110.829031443269
1962908,ha-4112834ha,44.523068,-109.065752
1962909,ha-4117355ha,44.522004,-109.068805
1962910,ha-412163,44.2625215873824,-109.496058931213
1962911,ha-412396,42.98399353,-110.96286774
1962912,ha-412740,43.53105545,-110.84436798
1962913,ha-413028,43.48184586,-110.76457214
1962914,ha-413029,43.4816,-110.765
1962915,ha-4134365ha,43.5368633,-110.8468848
1962916,ha-4149378ha,44.513633,-109.100792
1962917,ha-4149379ha,44.524195,-109.057261
1962918,ha-4158433ha,43.5857,-110.831
1962919,ha-4168159ha,44.610357,-107.091323
1962920,ha-4171257ha,43.4738,-110.758
1962921,ha-4171258ha,43.4738,-110.758
1962922,ha-417945,43.5820665286319,-110.83496637196698
1962923,ha-419531,43.47041710000001,-110.7632911
1962924,ha-420345,43.5873149,-110.8269876
1962925,ha-420368,43.5873149,-110.8269876
1962926,ha-4208973ha,42.9822551,-110.9652371
1962927,ha-422424,44.518484,-109.058198
1962928,ha-422461,44.518484,-109.058198
1962929,ha-422469,44.518484,-109.058198
1962930,ha-4225771ha,41.267364,-110.96788
1962931,ha-422757,44.518484,-109.058198
1962932,ha-4232185ha,43.58679643,-110.82770169
1962933,ha-423256,43.5736523951196,-110.754975193478
1962934,ha-4232642ha,43.5868644245451,-110.828061101852
1962935,ha-423520,43.5002,-110.871
1962936,ha-4242601ha,44.0204613,-107.4378343
1962937,ha-424446,43.5310001730488,-110.846183165443
1962938,ha-424759,42.98663060000001,-110.9577851
1962939,ha-42587,43.53356,-109.63043
1962940,ha-4259287ha,44.467506,-109.414228
1962941,ha-42639,43.534236907959006,-110.851196289062
1962942,ha-426564,43.18454077,-111.03891245
1962943,ha-4265703ha,43.4841,-110.765
1962944,ha-427075,43.10475104,-110.31126173
1962945,ha-42737,43.5340461730957,-110.851425170898
1962946,ha-42741,43.5340690612793,-110.850646972656
1962947,ha-4288485ha,44.90302,-109.19129
1962948,ha-429959,42.968323229746105,-111.027099146436
1962949,ha-430519,43.49687212,-110.87347217
1962950,ha-4306854ha,44.515367,-109.068695
1962951,ha-430992,43.4715864,-110.7629121
1962952,ha-4325478ha,42.97492026,-110.9591744
1962953,ha-4331433ha,43.48393772,-110.765
1962954,ha-433579,43.537489165655096,-110.845418523804
1962955,ha-434438,43.52741374,-110.82838919
1962956,ha-4369563ha,43.030883,-110.389421
1962957,ha-4369579ha,43.5653,-110.757
1962958,ha-436993,43.5902039822317,-110.824978542328
1962959,ha-4370402ha,43.4934,-110.814
1962960,ha-437520,43.6944904044509,-110.625075101852
1962961,ha-4375997ha,43.57884725,-109.83275069
1962962,ha-437701,43.4699,-110.749
1962963,ha-437971,43.5888,-110.827
1962964,ha-438203,43.57865423,-110.7458509
1962965,ha-4383054ha,43.473197,-110.74796299999998
1962966,ha-438855,43.5336,-110.844
1962967,ha-441433,43.57870384,-110.82673011
1962968,ha-441578,43.511,-110.692
1962969,ha-4430901ha,44.52680363,-109.06181531
1962970,ha-443746,43.5873149,-110.8269876
1962971,ha-4437645ha,44.46865239,-109.42413784
1962972,ha-4438936ha,43.512014,-110.868635
1962973,ha-4439277ha,44.53394204,-109.05224769
1962974,ha-444074,43.5849,-110.837
1962975,ha-4443557ha,43.5319999,-110.844
1962976,ha-4443558ha,43.5329,-110.842
1962977,ha-4443560ha,43.5336,-110.85
1962978,ha-4443561ha,43.5319999,-110.846
1962979,ha-4443563ha,43.587,-110.828
1962980,ha-4443564ha,43.5829,-110.833
1962981,ha-4443565ha,43.5829,-110.833
1962982,ha-4443566ha,43.5848,-110.833
1962983,ha-4443567ha,43.5287,-110.846
1962984,ha-4443575ha,43.5822,-110.837
1962985,ha-4443576ha,43.582377,-110.833711
1962986,ha-4443577ha,43.5822,-110.834
1962987,ha-4443579ha,43.5822,-110.834
1962988,ha-4443582ha,43.5824349,-110.8330092
1962989,ha-4443584ha,43.58372979999999,-110.8330057
1962990,ha-4443585ha,43.5338,-110.844
1962991,ha-4443591ha,43.5735,-110.754
1962992,ha-4443594ha,43.5721,-110.755
1962993,ha-4443597ha,43.5824478,-110.8330417
1962994,ha-4443599ha,43.5292,-110.846
1962995,ha-4443600ha,43.5843,-110.836
1962996,ha-4443605ha,43.534,-110.842
1962997,ha-444700,43.4627,-110.825
1962998,ha-446282,44.4625658,-109.5191819
1962999,ha-446402,44.625222,-107.024197
1963000,ha-4472031ha,44.46167353,-109.50165008
1963001,ha-4480102ha,41.45752,-106.8127
1963002,ha-4482999ha,44.40187889,-109.28246629
1963003,ha-4485177ha,44.5252226,-109.0579315
1963004,ha-4490407ha,44.518056,-109.0582
1963005,ha-449208,43.4827,-110.756
1963006,ha-4501221ha,43.51243770000001,-110.86857817
1963007,ha-4505631ha,44.71909,-108.86818999999998
1963008,ha-4525326ha,42.7235164,-111.01265158
1963009,ha-4526472ha,44.29483824,-105.50410512
1963010,ha-452833,43.4706,-110.766
1963011,ha-4531056ha,43.71627336,-108.15739352
1963012,ha-455387,43.5888,-110.827
1963013,ha-456197,43.5823502,-110.8337862
1963014,ha-4570616ha,43.57382269,-110.75635276
1963015,ha-458560,43.53298579999999,-110.851296
1963016,ha-4586177ha,44.5276465,-109.0601554
1963017,ha-4588079ha,44.531658,-109.050095
1963018,ha-4590671ha,43.57403400000001,-109.814085
1963019,ha-4604124ha,42.87667235,-109.86426649
1963020,ha-4607883ha,43.58932126,-110.83124442
1963021,ha-4615947ha,43.49146097,-110.81684278
1963022,ha-4617739ha,44.36503746,-108.03777123
1963023,ha-4618780ha,44.51025282,-109.06116557
1963024,ha-4619690ha,43.02908964,-110.39136201
1963025,ha-4620352ha,42.83578289,-108.74044006
1963026,ha-4620720ha,42.8527611,-109.61745390000002
1963027,ha-4624395ha,41.15417311,-104.82383021
1963028,ha-4626673ha,44.46751,-109.41423
1963029,ha-4628803ha,44.0994898,-107.28217517
1963030,ha-462884,43.5823491,-110.8343676
1963031,ha-4633350ha,44.3544342,-106.6631672
1963032,ha-4635072ha,41.30714486,-105.57934594
1963033,ha-4637353ha,42.8400206,-106.2869564
1963034,ha-4637793ha,42.50119438,-105.02383844
1963035,ha-464567,43.85442254,-104.20398548
1963036,ha-4647878ha,43.5869,-110.83303329999998
1963037,ha-4649019ha,44.12255,-106.88614
1963038,ha-4649237ha,43.522188,-109.68674363
1963039,ha-465029,43.5681,-110.746
1963040,ha-465402,43.85593427,-110.42276301
1963041,ha-4654881ha,42.4974899,-108.7321304
1963042,ha-4660411ha,41.59811257,-109.27066265
1963043,ha-466235,43.1191869977601,-111.030346106885
1963044,ha-4682581ha,41.14157383,-104.75814582
1963045,ha-4682643ha,41.16896653,-104.7833814
1963046,ha-468917,44.515873,-109.06387279999998
1963047,ha-469119,44.327,-108.03
1963048,ha-470741,43.6284525,-109.8491872
1963049,ha-4737764ha,41.2659,-105.59536
1963050,ha-4740582ha,41.32660844,-105.59172562
1963051,ha-4741644ha,42.9819624,-110.9660929
1963052,ha-475097,43.49364703,-110.88006581
1963053,ha-475560,43.5917,-110.826
1963054,ha-4767578ha,43.17951594,-111.01569175
1963055,ha-477021,43.534,-110.842
1963056,ha-478911,44.6523432,-104.4567178
1963057,ha-479712,43.4711,-110.804
1963058,ha-479749,43.47419996,-110.7541438
1963059,ha-4797961ha,43.5894023,-110.8267447
1963060,ha-4799331ha,43.590298,-110.823723
1963061,ha-4799332ha,43.585396,-110.839218
1963062,ha-4799333ha,43.58641400000001,-110.836922
1963063,ha-4799335ha,43.53593400000001,-110.84111
1963064,ha-4799337ha,43.474979,-110.881134
1963065,ha-4799338ha,43.47479600000001,-110.88166
1963066,ha-4799339ha,43.53321500000001,-110.846733
1963067,ha-4799340ha,43.513611,-110.839279
1963068,ha-4799342ha,43.563801,-110.753334
1963069,ha-4805113ha,43.5284,-110.843
1963070,ha-4806719ha,43.582007,-110.836502
1963071,ha-4808367ha,44.46849467,-109.42778092
1963072,ha-4810490ha,43.7474705,-111.04424407
1963073,ha-481922,43.4769158,-110.7588722
1963074,ha-481945,42.96970575,-111.00167571
1963075,ha-482639,43.53732722,-110.84545598
1963076,ha-483651,43.533,-110.846
1963077,ha-4841485ha,44.515402,-109.069083
1963078,ha-48420,43.75550296,-111.04227125
1963079,ha-4843025ha,44.515182,-109.069095
1963080,ha-485102,43.5859,-110.839
1963081,ha-485722,44.57448532,-106.88584767
1963082,ha-486046,43.50802,-110.8604666
1963083,ha-4860865ha,43.498541,-110.775021
1963084,ha-486754,43.5844,-110.833
1963085,ha-4872547ha,44.27979821,-105.44887833
1963086,ha-489505,43.5401,-110.818
1963087,ha-4899273ha,43.5843,-110.838
1963088,ha-4899487ha,43.587851,-110.8265403
1963089,ha-4899489ha,43.58979061,-110.82429183
1963090,ha-490707,43.5787660180456,-110.826794480951
1963091,ha-491542,43.5857,-110.832
1963092,ha-492842,43.583183700000006,-110.83767659999998
1963093,ha-493235,42.82101782,-111.03370026
1963094,ha-493520,43.58810755,-110.82881687
1963095,ha-495694,44.776287,-106.899204
1963096,ha-495717,43.58221991,-110.83701636
1963097,ha-4959641ha,43.52386,-109.60134
1963098,ha-496942,43.5852999,-110.833
1963099,ha-496970,43.5856,-110.8311
1963100,ha-497582,43.52007596,-110.84942758
1963101,ha-497709,44.3403439,-106.7439175
1963102,ha-4988891ha,43.4786781,-110.75912350000002
1963103,ha-4996697ha,44.45506208,-104.61770453
1963104,ha-503470,43.4952467,-110.8202563
1963105,ha-503565,41.33123228681529,-105.571521509787
1963106,ha-504250,43.8530256,-110.4236887
1963107,ha-505086,43.58377115,-110.83280263
1963108,ha-505988,43.5658351,-110.76904607
1963109,ha-506880,43.53745112,-110.84591417
1963110,ha-509367,43.563362,-109.696473
1963111,ha-509374,43.8528,-110.314
1963112,ha-510377,43.5881,-110.829
1963113,ha-511092,43.5317,-110.847
1963114,ha-511250,43.5314033,-110.8479025
1963115,ha-511807,44.96504107,-109.21912335
1963116,ha-52465,43.58338547,-109.80033875
1963117,ha-554499,43.5068,-110.848
1963118,ha-554720,43.5309,-110.85
1963119,ha-555483,43.499002,-110.774752
1963120,ha-563039,43.5845,-110.833
1963121,ha-563230,43.62568287,-109.8478949
1963122,ha-565639,41.3119876,-106.13054540000002
1963123,ha-568820,43.4733817,-110.7588886
1963124,ha-569240,44.6282091,-107.0252461
1963125,ha-570020,42.98955997,-110.96263379
1963126,ha-571382,44.53055640666571,-109.059974728836
1963127,ha-576379,41.30605876,-105.59530641
1963128,ha-578982,43.68431389,-108.19487706
1963129,ha-580830,43.5888597,-110.8270034
1963130,ha-581214,43.62516495,-109.84757712
1963131,ha-582571,43.57647744,-110.78107346
1963132,ha-582945,44.797464,-106.951194
1963133,ha-583222,43.4283,-110.806
1963134,ha-587120,44.794843,-106.960659
1963135,ha-590509,43.5823598,-110.8357289
1963136,ha-593421,43.4749045,-110.75000159999998
1963137,ha-594334,44.872141,-109.637367
1963138,ha-594845,43.587,-110.828
1963139,ha-599234,43.47170628,-110.76849736
1963140,ha-600031,43.5873149,-110.8269876
1963141,ha-602845,43.6763,-108.205
1963142,ha-607525,44.66114599,-106.99794557
1963143,ha-608898,43.51985353458839,-110.841768207935
1963144,ha-61334,43.587467241569605,-110.827981224537
1963145,ha-615033,41.08081316,-106.15452458
1963146,ha-615400,43.1772349,-111.0123361
1963147,ha-615709,43.5854,-110.839
1963148,ha-61995,43.5686584850607,-109.783327922937
1963149,ha-621297,43.6248543,-109.8455601
1963150,ha-623142,43.5323,-110.847
1963151,ha-623144,43.5328742,-110.8458486
1963152,ha-623145,43.5309,-110.847
1963153,ha-623146,43.5334618,-110.8427169
1963154,ha-623147,43.5307,-110.846
1963155,ha-623151,43.5331,-110.843
1963156,ha-623155,43.5334,-110.852
1963157,ha-623157,43.5338,-110.852
1963158,ha-623162,43.5309,-110.846
1963159,ha-623163,43.5319999,-110.847
1963160,ha-623164,43.5308,-110.845
1963161,ha-623165,43.5866,-110.833
1963162,ha-623171,43.5857,-110.831
1963163,ha-623173,43.5857,-110.831
1963164,ha-623174,43.5848,-110.833
1963165,ha-623176,43.5914,-110.824
1963166,ha-623177,43.5905,-110.825
1963167,ha-623179,43.5919,-110.828
1963168,ha-623185,43.5845,-110.833
1963169,ha-623192,43.582377,-110.833711
1963170,ha-623196,43.582377,-110.833711
1963171,ha-623205,43.5852999,-110.834
1963172,ha-623209,43.5822,-110.834
1963173,ha-623215,43.5822,-110.834
1963174,ha-623219,43.5822,-110.834
1963175,ha-623225,43.5822,-110.834
1963176,ha-623228,43.5822,-110.834
1963177,ha-623238,43.5822,-110.834
1963178,ha-623240,43.5879416,-110.8345858
1963179,ha-623244,43.5827,-110.834
1963180,ha-623247,43.5827,-110.834
1963181,ha-623251,43.5827,-110.834
1963182,ha-623253,43.5827,-110.834
1963183,ha-623266,43.5827,-110.834
1963184,ha-623270,43.5827,-110.834
1963185,ha-623292,43.5823478,-110.8350009
1963186,ha-623295,43.5820999,-110.835
1963187,ha-623298,43.5823478,-110.8350009
1963188,ha-623302,43.5852999,-110.833
1963189,ha-623308,43.5884808,-110.8334906
1963190,ha-623318,43.5286,-110.843
1963191,ha-623323,43.5295,-110.844
1963192,ha-623335,43.584,-110.832
1963193,ha-623338,43.584,-110.832
1963194,ha-623343,43.5837999,-110.832
1963195,ha-623345,43.5837999,-110.832
1963196,ha-623348,43.5837999,-110.832
1963197,ha-623354,43.5859,-110.837
1963198,ha-623358,43.5827,-110.835
1963199,ha-623378,43.5857,-110.832
1963200,ha-623384,43.5858,-110.832
1963201,ha-623393,43.5858,-110.832
1963202,ha-623399,43.5858,-110.832
1963203,ha-623405,43.5827,-110.836
1963204,ha-623902,43.5862,-110.836
1963205,ha-626267,42.7480443380393,-106.52259469895
1963206,ha-626413,43.5334999,-110.845
1963207,ha-626528,43.4973973,-110.8728188
1963208,ha-626566,43.0796565,-110.9984564
1963209,ha-628779,43.5313,-110.851
1963210,ha-630876,43.5888597,-110.8270034
1963211,ha-631340,43.52916119,-110.84362449
1963212,ha-631749,43.5793100739745,-110.826799845369
1963213,ha-632209,41.1809864624984,-106.131482381471
1963214,ha-632988,43.7562,-111.037
1963215,ha-640574,43.587,-110.828
1963216,ha-640575,43.58490070000001,-110.8342354
1963217,ha-640576,43.5901,-110.825
1963218,ha-640579,43.58827520000001,-110.8324267
1963219,ha-642534,43.5827,-110.836
1963220,ha-642582,43.56457668,-110.75691417
1963221,ha-642810,44.81282,-106.96989
1963222,ha-643479,43.53198475,-110.84704589
1963223,ha-644138,43.5724,-110.754
1963224,ha-649713,43.58394140715451,-110.832449927972
1963225,ha-653220,43.4956218,-110.90069172
1963226,ha-653243,43.49311717,-110.90325638
1963227,ha-653453,44.4577717481168,-109.494937512195
1963228,ha-654503,43.51011296,-110.77002146
1963229,ha-656153,44.17311935,-106.76075705
1963230,ha-658017,43.52101845,-110.84362451
1963231,ha-661869,44.15752176502349,-108.869379986888
1963232,ha-662444,44.527693,-109.044173
1963233,ha-667147,43.58814462,-110.82891175
1963234,ha-668904,44.52408,-109.064743
1963235,ha-67223,43.53746838,-110.84555009
1963236,ha-672425,44.571051577023,-106.912134830689
1963237,ha-674064,43.533,-110.852
1963238,ha-67544,43.531566619873,-110.848243713379
1963239,ha-677736,42.97479660000001,-110.9589147
1963240,ha-677755,42.9834047,-110.9562087
1963241,ha-680250,43.7597239819728,-111.027914169312
1963242,ha-683467,43.5918,-110.826
1963243,ha-688305,43.5884,-110.832
1963244,ha-690296,43.5320704192185,-110.843362847607
1963245,ha-691903,43.5888597,-110.8270034
1963246,ha-692598,43.8554,-110.423
1963247,ha-698924,43.5007599,-110.8752112
1963248,ha-699516,43.4393,-110.869
1963249,ha-702893,43.53230849,-110.84510514
1963250,ha-704012,43.7631,-111.036
1963251,ha-704692,43.533994996558285,-110.851
1963252,ha-705391,43.00196255,-110.97610575
1963253,ha-706621,41.4484543345565,-106.805714569312
1963254,ha-7069675ha,41.29792553,-105.86797145
1963255,ha-709038,44.2656194,-107.5542197
1963256,ha-7099248ha,44.8325,-108.386
1963257,ha-710687,43.5322980554354,-110.848292360783
1963258,ha-7107719ha,43.5332,-110.851
1963259,ha-7114969ha,43.53352679,-110.84991165
1963260,ha-7129912ha,44.0823809,-107.3105384
1963261,ha-7151055ha,43.36897297,-110.73588676
1963262,ha-7161518ha,44.81737345,-106.97731331
1963263,ha-716816,42.816438,-106.397426
1963264,ha-717470,43.5881151,-110.8289126
1963265,ha-7178944ha,43.5292,-110.846
1963266,ha-717965,42.89890221,-110.91930905
1963267,ha-7186485ha,42.83944826,-106.27049649
1963268,ha-718682,43.53336755,-110.84582363
1963269,ha-719898,41.2033083,-106.7945133
1963270,ha-720140,43.5359,-110.845
1963271,ha-721846,44.45721,-109.496058
1963272,ha-723342,43.46857202,-110.6735326
1963273,ha-726880,43.5286038893676,-110.843538660049
1963274,ha-7293709ha,43.60998,-108.22751
1963275,ha-729776,44.90811400000001,-107.1663
1963276,ha-734900,42.7721796,-109.74199545
1963277,ha-7350389ha,43.573932,-110.751712
1963278,ha-735523,43.4759,-110.831
1963279,ha-735666,43.5915,-110.825
1963280,ha-7362621ha,43.36472017,-110.84619863
1963281,ha-7366296ha,43.42032571,-110.78241734
1963282,ha-738835,44.772275,-106.958473
1963283,ha-739206,43.5822258510717,-110.833829115344
1963284,ha-743596,41.26406536,-110.9709693
1963285,ha-744194,43.5882007,-110.8290494
1963286,ha-7466689ha,43.7871,-110.9593
1963287,ha-7466690ha,43.7871,-110.9593
1963288,ha-7466691ha,43.7871,-110.9593
1963289,ha-7466693ha,43.7871,-110.9593
1963290,ha-7466696ha,43.7871,-110.9593
1963291,ha-7466697ha,43.7871,-110.9593
1963292,ha-7466699ha,43.7871,-110.9593
1963293,ha-7466700ha,43.7871,-110.9593
1963294,ha-7466701ha,43.7871,-110.9593
1963295,ha-7466704ha,43.7871,-110.9593
1963296,ha-7466706ha,43.7871,-110.9593
1963297,ha-7466709ha,43.7871,-110.9593
1963298,ha-7466710ha,43.7871,-110.9593
1963299,ha-7466711ha,43.7871,-110.9593
1963300,ha-7466712ha,43.7871,-110.9593
1963301,ha-7466714ha,43.7871,-110.9593
1963302,ha-7466716ha,43.7871,-110.9593
1963303,ha-7466719ha,43.7871,-110.9593
1963304,ha-7466721ha,43.7871,-110.9593
1963305,ha-7466725ha,43.7871,-110.9593
1963306,ha-7466728ha,43.7871,-110.9593
1963307,ha-7466729ha,43.7871,-110.9593
1963308,ha-7466731ha,43.7871,-110.9593
1963309,ha-7466735ha,43.7871,-110.9593
1963310,ha-7466738ha,43.7871,-110.9593
1963311,ha-7466739ha,43.7871,-110.9593
1963312,ha-7466740ha,43.7871,-110.9593
1963313,ha-7466741ha,43.7871,-110.9593
1963314,ha-7466743ha,43.7871,-110.9593
1963315,ha-7466745ha,43.7871,-110.9593
1963316,ha-7466747ha,43.7871,-110.9593
1963317,ha-7466750ha,43.7871,-110.9593
1963318,ha-7466752ha,43.7871,-110.9593
1963319,ha-7466753ha,43.7871,-110.9593
1963320,ha-747266,43.12269774,-111.03579854
1963321,ha-748081,44.1461787,-109.6091376
1963322,ha-750935,43.46809394,-110.78847121
1963323,ha-7515303ha,42.5640625,-104.8357775
1963324,ha-751929,43.8528694907924,-110.313662590403
1963325,ha-751969,43.8527865483048,-110.314486344202
1963326,ha-752212,43.540644,-109.657673
1963327,ha-75340,43.5900001525879,-110.824996948242
1963328,ha-7557075ha,44.52462012,-109.07169233
1963329,ha-756578,43.54054932,-109.65753454
1963330,ha-756881,43.5223,-110.838
1963331,ha-7570491ha,42.81273,-108.74
1963332,ha-7574410ha,44.68329393,-107.00219324
1963333,ha-758811,43.5285,-110.843
1963334,ha-7612931ha,44.522004,-109.068805
1963335,ha-7612955ha,44.524211,-109.065058
1963336,ha-762258,43.1607638,-111.0311052
1963337,ha-7622761ha,44.51393381,-109.07036291
1963338,ha-762486,43.5364999,-110.847
1963339,ha-762562,43.5882007,-110.8290494
1963340,ha-765012,44.2082524,-109.55618090000002
1963341,ha-7653029ha,41.32091,-106.14921
1963342,ha-7661004ha,44.0351511,-107.44977564
1963343,ha-7661303ha,44.03319917,-107.44794740000002
1963344,ha-767148,43.5157,-110.867
1963345,ha-7675365ha,44.53308237,-109.06700689
1963346,ha-7677746ha,42.3781441,-108.8997052
1963347,ha-7686987ha,43.47927196,-110.76495561
1963348,ha-769108,44.876493,-107.26308
1963349,ha-769414,43.5794655176226,-110.831493711145
1963350,ha-7703236ha,44.30332206,-109.44151583
1963351,ha-7704305ha,43.470662,-110.880531
1963352,ha-7704307ha,43.573399,-110.755394
1963353,ha-7709115ha,43.4338,-110.8
1963354,ha-771039,43.47700478,-110.82436345
1963355,ha-771041,43.57774615,-110.75208583
1963356,ha-771343,43.5287,-110.845
1963357,ha-773867,43.58699015,-110.82812918
1963358,ha-778269,44.31214450547879,-106.690440261841
1963359,ha-778313,43.47857544,-110.754
1963360,ha-778576,43.51,-110.871
1963361,ha-778577,43.562,-110.769
1963362,ha-779636,43.77175783,-111.01969106
1963363,ha-780240,43.5023856,-110.87117166
1963364,ha-781174,41.2089975016864,-106.795834084131
1963365,ha-7818796ha,44.523770212377215,-109.063157478504
1963366,ha-7823683ha,44.48158087,-109.10291892
1963367,ha-7842542ha,44.44173851,-109.19425795
1963368,ha-7851340ha,42.98048248,-110.96888822
1963369,ha-785622,43.1098811,-111.02218366
1963370,ha-786570,43.4742,-110.753
1963371,ha-7866581ha,41.16381167,-104.75301429
1963372,ha-7910668ha,41.2979969,-105.54470255
1963373,ha-7914969ha,44.522004,-109.068805
1963374,ha-7919282ha,44.869514,-107.259404
1963375,ha-7919402ha,42.82214821,-106.36710313
1963376,ha-791971,43.5873,-110.8349
1963377,ha-7920833ha,44.51484147,-109.07282612
1963378,ha-7920851ha,44.5186434,-109.0700202
1963379,ha-793486,43.5912999,-110.826
1963380,ha-7935222ha,43.56639000000001,-110.74944
1963381,ha-7946112ha,44.9558198,-109.16696109
1963382,ha-794626,43.54059599,-109.65798515
1963383,ha-794815,43.5427,-110.8112
1963384,ha-795209,44.8735707,-107.2627044
1963385,ha-796124,43.532151522969706,-110.84353272491
1963386,ha-796498,43.5364999,-110.847
1963387,ha-798418,41.3133978,-106.1412862
1963388,ha-798608,43.5568,-110.856
1963389,ha-799967,43.5843,-110.8269
1963390,ha-801420,43.5827,-110.834
1963391,ha-801421,43.53257855,-110.84342529
1963392,ha-801437,43.5899,-110.825
1963393,ha-801438,43.537534026397886,-110.846310491887
1963394,ha-801439,43.58261369481,-110.835788482031
1963395,ha-802898,43.6764929,-108.20608421
1963396,ha-802959,44.592035,-109.01418
1963397,ha-803726,43.53406101,-110.8440788
1963398,ha-804290,43.5824619266996,-110.834557007317
1963399,ha-804484,43.8533033610666,-110.314213404551
1963400,ha-804510,43.47996798,-110.76686474
1963401,ha-805539,44.4608506,-109.4396622
1963402,ha-805811,42.84480874,-106.31694514
1963403,ha-806059,43.4882,-110.867
1963404,ha-806191,44.9243054789461,-109.243373853808
1963405,ha-807901,43.75458109,-111.03314334
1963406,ha-810543,44.64864869,-104.45790125
1963407,ha-810705,43.5323,-110.847
1963408,ha-814733,44.6278127474526,-107.025475338623
1963409,ha-814909,42.8648777,-109.86803783
1963410,ha-819939,43.58818516,-110.82901721
1963411,ha-820128,43.5341,-110.851
1963412,ha-823235,43.51865537,-110.8435797
1963413,ha-824440,43.6600846814646,-109.949088754939
1963414,ha-825039,44.8638678,-109.63219723
1963415,ha-825040,44.86392864,-109.63163933
1963416,ha-827210,43.4743,-110.754
1963417,ha-830455,41.3205888,-105.5791741
1963418,ha-83120,43.53384118,-110.84461419
1963419,ha-831490,43.4706,-110.765
1963420,ha-832841,43.5843,-110.838
1963421,ha-833076,43.58299326,-110.83269959
1963422,ha-833480,43.53538870000001,-110.8376608
1963423,ha-835646,43.5308,-110.844
1963424,ha-838173,44.90148603,-109.18212325
1963425,ha-842018,44.8735707,-107.2627044
1963426,ha-842140,44.8735707,-107.2627044
1963427,ha-842942,43.2961,-110.778
1963428,ha-843988,43.51,-110.851
1963429,ha-844338,43.5279,-110.844
1963430,ha-84439,43.47569733,-110.75858393
1963431,ha-844630,44.530791,-109.069132
1963432,ha-845363,44.45538592072661,-109.492345074585
1963433,ha-849515,41.21272171,-106.79988211
1963434,ha-851167,43.51,-110.689
1963435,ha-852625,43.53191975,-110.84105917
1963436,ha-853665,42.81405,-108.75153600000002
1963437,ha-854030,43.5294,-110.846
1963438,ha-855594,43.4714038,-110.7664991
1963439,ha-856090,43.49721615,-110.87170951
1963440,ha-857894,41.17146606,-104.06397883
1963441,ha-858363,43.5674971058385,-109.726155476196
1963442,ha-860233,43.58243246,-110.83587431
1963443,ha-860700,43.4752,-110.767
1963444,ha-861804,43.58483605,-110.83309257
1963445,ha-862092,43.58517831,-110.82845259
1963446,ha-862988,42.97294520000001,-110.95952852
1963447,ha-866348,43.529,-110.844
1963448,ha-867444,44.531917,-109.069874
1963449,ha-869156,42.863925,-109.880775
1963450,ha-870068,43.539456,-109.626697
1963451,ha-871075,43.54015461,-109.65995157
1963452,ha-871078,43.5365075,-109.64835359999998
1963453,ha-871082,43.72293120000001,-109.9748159
1963454,ha-87118,43.5903,-110.825
1963455,ha-873206,43.5915,-110.826
1963456,ha-873863,44.02039958,-107.43757681
1963457,ha-874914,43.53119136,-110.84683132
1963458,ha-877205,43.60500316,-110.79670585
1963459,ha-878011,44.890216,-109.660491
1963460,ha-878079,44.89010768628778,-109.660378347221
1963461,ha-878327,42.860552,-109.876449
1963462,ha-879247,44.563114025535405,-106.917777918385
1963463,ha-879895,43.4698223157606,-110.764183236017
1963464,ha-882265,42.7050660713264,-110.933112130688
1963465,ha-883304,43.4101,-110.766
1963466,ha-883736,43.5918204440696,-110.824651312828
1963467,ha-884096,43.570054,-109.829245
1963468,ha-884148,43.530818294728405,-109.629515330688
1963469,ha-884472,41.4512893,-106.8056706
1963470,ha-885276,44.53008962,-109.06207014
1963471,ha-885383,43.48742124,-110.79736246
1963472,ha-885405,43.4737,-110.754
1963473,ha-886101,43.5822404,-110.83402814
1963474,ha-886178,43.48134017,-110.7597003
1963475,ha-888325,43.5849,-110.839
1963476,ha-888508,43.53223777,-110.847
1963477,ha-890535,44.866087,-109.64206
1963478,ha-891370,43.5843,-110.839
1963479,ha-891504,43.481595,-110.7647219
1963480,ha-892406,43.567591,-109.816614
1963481,ha-892449,41.579873,-109.212996
1963482,ha-892712,43.481595,-110.7647219
1963483,ha-894385,44.8628044766502,-108.22958359917
1963484,ha-895163,43.58155226,-110.83446506
1963485,ha-895526,43.104489345509606,-110.460011780706
1963486,ha-897467,41.45319318,-106.80611973
1963487,ha-898357,41.2065539,-106.7918207
1963488,ha-899471,43.8561924,-104.19646740000002
1963489,ha-899483,43.534734,-109.637322
1963490,ha-899491,41.14627891,-104.81867401
1963491,ha-9021846ha,41.144375200000006,-104.7799435
1963492,ha-902234,43.53194891,-110.84639919
1963493,ha-903006,44.53278870000001,-109.0647107
1963494,ha-9030896ha,44.42392876,-109.21886167
1963495,ha-904516,43.00246471,-110.97584826
1963496,ha-904904,42.7246126,-110.9306859
1963497,ha-905028,43.592,-110.8265
1963498,ha-906112,43.0018326,-110.9702554
1963499,ha-9061594ha,44.8364,-108.41521000000002
1963500,ha-906227,44.440847,-109.179975
1963501,ha-906271,43.58816961581321,-110.8290494
1963502,ha-9066998ha,43.57880994,-109.79636488
1963503,ha-907043,42.9828958,-110.956668
1963504,ha-907179,43.5315,-110.85
1963505,ha-907427,43.486,-110.836
1963506,ha-9082472ha,43.54861898,-110.79889284
1963507,ha-9085883ha,44.48097339,-108.05047299
1963508,ha-909746,43.5045,-110.87
1963509,ha-909906,43.58292947,-110.83268665
1963510,ha-912319,43.5312,-110.833
1963511,ha-912593,43.6297665982195,-110.536677399557
1963512,ha-912594,43.6292000073724,-110.538707292196
1963513,ha-912595,43.6293334874199,-110.537472245007
1963514,ha-913795,43.58206137,-110.83505568
1963515,ha-9146595ha,43.6422176,-108.2060062
1963516,ha-914800,41.3119877,-106.1305451
1963517,ha-914802,41.3082956,-105.5746081
1963518,ha-917039,43.588216242087405,-110.8290494
1963519,ha-917239,43.58244056,-110.83302162
1963520,ha-9179418ha,43.52236815,-110.83534735
1963521,ha-919964,43.8761,-110.464
1963522,ha-9200814ha,43.53963,-110.74181000000002
1963523,ha-921838,43.174894,-111.026763
1963524,ha-921841,42.889305,-111.001257
1963525,ha-921932,43.6385999,-108.224
1963526,ha-922834,43.474415500000006,-110.7434365
1963527,ha-925636,43.57428779999999,-110.782057
1963528,ha-926232,43.4160885,-110.7693975
1963529,ha-926593,43.53089222,-110.84734332
1963530,ha-927440,43.56829434,-110.80365166
1963531,ha-931336,44.867541,-109.64223
1963532,ha-932227,43.4722,-110.753
1963533,ha-932228,43.589411,-110.82393700000002
1963534,ha-932233,43.5849,-110.839
1963535,ha-932844,43.5814,-110.8279
1963536,ha-9334173ha,44.80235708,-108.51245517
1963537,ha-9340709ha,41.13960727,-104.7876265
1963538,ha-9340921ha,43.11395923,-111.0164614
1963539,ha-935809,43.53241275,-110.84564277
1963540,ha-9364147ha,43.573399,-110.755394
1963541,ha-936505,43.5294,-110.846
1963542,ha-942999,43.535,-110.844
1963543,ha-949137ha,43.5897,-110.825
1963544,ha-949314,44.2457932,-107.60286
1963545,ha-949668,43.53615878,-110.84987649
1963546,ha-950827,43.5309,-110.847
1963547,ha-953039,43.5147,-110.841
1963548,ha-954332,43.8451,-110.453
1963549,ha-954776,43.5741,-110.754
1963550,ha-955530,43.58946873,-110.82331122
1963551,ha-957624,43.52868963,-110.84608083
1963552,ha-957707,43.5881752849485,-110.829000388361
1963553,ha-957729,43.5308,-110.845
1963554,ha-958971,43.5348,-110.824
1963555,ha-959986,43.499002,-110.774752
1963556,ha-960326,43.5054,-110.771
1963557,ha-962379,43.53307286,-109.68720889
1963558,ha-962456,41.58263196,-109.21273681
1963559,ha-963195,43.530504,-109.689262
1963560,ha-963781,42.53428493,-106.8128939
1963561,ha-964916,44.49009666,-108.05680781
1963562,ha-965393ha,43.58664266,-110.83623199
1963563,ha-969671,43.5653999,-110.759
1963564,ha-969944,43.58936495,-110.83002342
1963565,ha-97194,44.52375412,-109.06784058
1963566,ha-972574,43.59052445,-110.82918091
1963567,ha-975366,43.5329011274043,-110.842389096365
1963568,ha-976080,44.4603271,-106.72129167
1963569,ha-977413,43.478242,-110.7661223
1963570,ha-977751,43.50532147,-110.77265633
1963571,ha-977922,43.74106745,-108.14167641
1963572,ha-978910,42.97046345,-110.33088605
1963573,ha-979810,43.5857,-110.831
1963574,ha-980294,43.4783,-110.7662
1963575,ha-981397,43.51331536,-110.84322798
1963576,ha-982377,43.5264,-110.852
1963577,ha-984638,42.74223337,-106.33820147
1963578,ha-985192,44.52571877,-109.03530899
1963579,ha-989014,43.3197,-110.729
1963580,ha-990615,43.15620586,-109.99936279
1963581,ha-991441ha,43.5308,-110.844
1963582,ha-99558,43.53636932,-109.64157104
1963583,ha-998932,43.46874895,-110.77030434
1963584,ha-999270,43.5311,-110.846
1963585,ha-999304,42.837958,-106.286286
1963586,ha-999549,43.47606722,-110.750044
